"","3'AMP","5'AMP","5'UMP","alanine","amMP","arginine","asparagine","aspartate","ciliatine","citrulline","cysteate","cysteine 2","DHPS","folate","GABA","glutamic acid","glutamine","glutathione 2","glycine","guanosine","histidine","homoserine betaine","isethionate","isoleucine","kynurenine","leucine","lysine 2","malic acid","methionine","ornithine 2","pantothenic acid","phenylalanine","proline","putrescine 2","sarcosine","serine","sn-glycerol 3-phosphate","spermidine 3","taurine","threonine","tryptamine","tryptophan","tyrosine","uridine","valine"
"CINAR_BC_100",0.0377935166698529,0.164110940110048,0.1218477000141,0.986412344996517,0.000704662314222823,0.518968825971416,0.484412461105939,0.981425363824311,0.042462522565794,0.282038259407206,0.488392606052873,1.5887385487776,2.11149295169685,0.0490899805218296,0.046706267281055,1.39468646210827,2.25137495827105,0.124450707254259,1.9511742325896,0.110489696487101,0.0509250065176191,0.0424986934944793,0.620626765938393,0.330355503260395,0.0760830093110866,0.266314553376887,0.492366460788023,1.4296441537188,0.00578840884772328,0.476089870197029,0.0731298704966227,0.246462183191591,0.437836565188122,0.00366431080669402,0.369012523485754,1.39578436536009,0.308365352521103,0.000895155434951834,1.75777681044881,0.520273577522952,0.00119142503825718,0.0898058988308845,0.119294160738255,0.211832859113696,0.455363025923494
"CINAR_BC_45",0.007818692869026,0.088615550869336,0.101508010025069,1.8639752767266,0.000704662314222823,0.502297481987218,0.742896096883156,1.78712713336414,0.141730550506179,0.418355452416724,0.350019145863738,1.26085105038214,1.08535334238702,0.0490899805218296,0.00267976683860735,1.08663872249086,0.970468451924788,0.0687601373755593,2.78313709292678,0.0691412169377097,0.807822901761155,0.0424986934944793,0.453014684106147,0.863490494625365,0.101702771820523,0.686254075220087,1.15045353125703,0.926302949402567,0.00578840884772328,1.52379219933912,0.0445111628199948,0.47344208629147,0.696683435491099,0.058975805841573,0.303372542289851,2.82389491539324,0.35016293534582,0.000895155434951834,1.66857062393277,1.32171601467048,0.00119142503825718,0.131842879918773,0.119294160738255,0.102470963215653,1.01104268959478
"CINAR_BC_77",0.00884712046568785,0.00642382214138497,0.0792636577220235,2.64911504886641,0.000704662314222823,0.634776087443787,1.22301548507181,2.61011602847113,0.0576134945794727,0.920828070076405,0.342890435664029,1.28046889208509,0.982371634302895,0.0490899805218296,0.255761065505917,1.65001242860104,1.02549919518061,0.00474526888060423,3.71781549189119,0.00651283749783321,2.03700642217241,0.0424986934944793,0.714986684099834,1.56018992775921,0.245490275369165,1.30375395573003,1.7291464646782,1.28935307702523,0.231897832314978,2.33072640398873,0.0445304320362608,1.0772727776285,1.25373623888635,0.291286865856473,0.15762579972451,3.82287436843732,0.227697109315022,0.0716096298119421,1.1811856482312,2.09294747769527,0.00119142503825718,0.357954296324929,0.119294160738255,0.138869834046604,1.78175264216626
"CINAR_BC_85",0.016284305880436,0.00642382214138497,0.13281641872578,0.952182745036923,0.000704662314222823,0.699002024494729,0.773174830789724,1.25157145789323,0.0814515601542536,0.162182972958053,0.528481554943286,2.2369154520403,1.68640878163564,0.0490899805218296,0.0623860574088278,1.81508503290996,1.63876055322601,0.222699106939081,2.41688615055854,0.419731082365279,0.0509250065176191,0.589773023119751,1.16238775147304,0.265563766017397,0.0799653883773068,0.222256857280417,0.665052447719739,1.10225549104759,0.00578840884772328,0.323360472585136,0.108685535851994,0.308029775803071,0.446819854056873,0.00366431080669402,0.542767399361699,1.04060704190011,0.293023409260216,0.0120978311637656,2.87548125253807,0.382156800851228,0.0348834877163453,0.119497043605384,0.119294160738255,0.387635094007618,0.30668510966205
"CINAR_BC_98",0.0190492645145552,0.258909029768002,0.198808866964162,3.29337044211879,0.000704662314222823,1.13099218042784,1.56250873879212,3.6486973105853,0.10444033687826,1.61791667921632,0.437059814994081,1.45736388033906,3.53651571967425,0.0490899805218296,0.113141243785067,4.40686021583542,4.17356932790649,0.342231567210935,4.22877886771596,0.158203254953388,2.38029123065208,2.23543410940052,1.6257611420397,1.72202684060569,0.257310671191552,1.49960856339169,2.4794140468411,1.44492569524094,0.00578840884772328,2.97276462615107,0.035796756762058,1.00673261704533,1.84579493831939,0.0476995093288569,0.547382158595072,4.4536026515975,0.310541115914126,0.0623195327387882,2.06690988060912,2.70702912676365,0.00119142503825718,0.403347899047342,0.119294160738255,0.282638861244594,2.09206028043479
"CINAR_BC_101",0.015649615274432,0.00642382214138497,0.0760838619382988,2.2729853303466,0.000704662314222823,0.450844717455465,1.00500644160336,2.49572103804845,0.0900717114772644,0.612906325047682,0.346961432265994,1.47605340274783,0.720749188642432,0.0490899805218296,0.135649783035041,1.40438755040832,1.10350051401227,0.0742384390918484,3.12547835916862,0.167073744069106,1.5763191614828,0.0424986934944793,0.70090700994968,1.40659157864507,0.181445317278712,1.14736291719845,1.67949006597432,2.30513649470486,0.00578840884772328,2.18502622184244,0.0383643148292349,0.8454484967143,1.22008747567027,0.0422089574006059,0.185465774285997,3.64265892449064,0.213320473955089,0.000895155434951834,1.10671831361842,1.92861049256276,0.00119142503825718,0.251118130183751,0.119294160738255,0.147396523452932,1.51385131061694
"CINAR_BC_99",0.0147058024350325,0.229059005776401,0.200913371256732,1.18246509710425,0.000704662314222823,0.542067642075384,0.511321119796033,1.18218263935323,0.0382732869924861,0.106636769367593,0.515917731533244,1.63436911895028,2.09899748452536,0.0490899805218296,0.0437265969613373,1.80668775012891,2.09360299801476,0.21709068175429,1.8167022012059,0.091361665373509,0.0509250065176191,0.0424986934944793,0.824601268755304,0.333462395144266,0.0747207257506744,0.252614411948226,0.550733374212474,1.66904444748908,0.00578840884772328,0.39770483883756,0.068844400970707,0.223892602870494,0.340947594023355,0.00366431080669402,0.527293314281155,1.19144257545107,0.33555341893546,0.000895155434951834,1.94867498665826,0.39163790894933,0.00119142503825718,0.0725180483788253,0.119294160738255,0.194000709783278,0.390318448366903
"CINAR_BC_69",0.0612642447814898,0.460052491264159,0.270415090262954,2.22150040500206,0.000704662314222823,0.783520382984582,1.33173864972363,2.69283151072747,0.0903068245516311,0.626892455340968,0.425927222818719,1.27725762189058,4.11806761875166,0.0490899805218296,0.0530106835897074,4.18700894278963,4.12705223285292,0.28892028109776,3.19269707971437,0.00651283749783321,1.01781486602848,2.34961400129454,1.56608283197553,0.859588148601261,0.106502248797173,0.72298896871385,1.29192455732355,1.1321846658458,0.00578840884772328,1.47370229630251,0.0319120275339922,0.522356257560529,1.00439548644197,0.0464303714320662,0.624687316962563,2.89780548110023,0.564093267800147,0.058149676454036,1.88270650933338,1.4709424978127,0.00119142503825718,0.164829963729168,0.119294160738255,0.281111154789129,1.11518585948695
"CINAR_BC_86",0.000725573909632558,0.00642382214138497,0.0767898832511857,1.83841384771347,0.000704662314222823,0.40955691649534,0.997448015901717,1.85104244497399,0.0814316188273815,0.65012538542783,0.350507023431521,1.31126668418228,1.19659406041047,0.0490899805218296,0.00267976683860735,1.27885027895174,1.33336731523098,0.0813670833954515,2.92917166614885,0.134517351262256,1.37436785104496,0.0424986934944793,0.592036948473058,0.829653489338453,0.137267896670507,0.6798826958245,1.09124415147021,0.827697064996331,0.00578840884772328,1.58436408618789,0.0440679053947765,0.536669247079299,0.701011524636196,0.00366431080669402,0.130905283172439,3.04040174745652,0.164965965495117,0.000895155434951834,1.35285048742235,1.40169875380801,0.00119142503825718,0.208467520616379,0.119294160738255,0.154681064292387,1.09594164246854
"CINAR_BC_62",0.000725573909632558,0.00642382214138497,0.128862970952462,2.60904837013585,0.000704662314222823,0.698193298196868,1.47783774322694,2.92233278926718,0.107572909722279,0.862043771058224,0.433888164326951,1.51116603251832,3.44586631150083,0.0490899805218296,0.0301344457953237,3.20622603555825,3.22388166647035,0.138354468064781,3.82409550751446,0.270861279508552,1.95783156608037,1.45380145628521,1.38862981356513,1.56142359653049,0.32540305909649,1.29690847148096,1.91464107308144,0.873999432166687,0.118485377823607,2.35109940047289,0.0427887593605403,1.0494523489814,1.51654266430332,0.0696046085541189,0.335867350622242,3.71199830947076,0.35610055014047,0.0829514320816319,1.64099049102372,2.13367646349739,0.00119142503825718,0.354528113060629,0.119294160738255,0.264714151674248,1.72576390357977
"CINAR_BC_113",0.000725573909632558,0.065154233408149,0.0780591679528509,0.716826403311477,0.000704662314222823,0.309512448769111,0.435793190566413,0.805132068531826,0.06241167137983,0.17279936635649,0.306400853135339,1.16990815066583,0.994906306165514,0.0490899805218296,0.00267976683860735,0.708961647863301,1.35041395704656,0.0628389675843474,1.62563508832964,0.00651283749783321,0.0509250065176191,0.418437662113725,0.502729654125813,0.346072631339021,0.0546903961805259,0.263900681241819,0.428625504086253,0.927816835240154,0.00578840884772328,0.459780493558319,0.0402193221473049,0.237623265274913,0.21279532407549,0.00366431080669402,0.114665371423218,1.38563287999335,0.223920215502919,0.000895155434951834,0.963245710992701,0.394758303877416,0.00119142503825718,0.0675476769172884,0.119294160738255,0.228907835369187,0.384390566493934
"CINAR_BC_88",0.017319154489326,0.00642382214138497,0.127367841678618,0.77831024958745,0.000704662314222823,0.792704245772403,0.907635040355403,1.22004673533277,0.0850902494676577,0.0912462275744521,0.537701226324906,2.17275497367412,2.25308706478436,0.0490899805218296,0.0664911955499793,1.98888523134469,1.91022090976076,0.272715481903417,2.36468798894127,0.530971549877036,0.0509250065176191,0.67766560301533,1.23671212583245,0.272186098664522,0.0865029784098786,0.225606885547493,0.600868315408722,1.38178933245653,0.158554525489071,0.0241191448340464,0.104876270430763,0.29991983582256,0.415489323527123,0.00366431080669402,0.537646220984211,0.68809056352763,0.231001995938189,0.00895711312485483,2.84664897822267,0.308961906317653,0.0347252235673183,0.115565801502654,0.119294160738255,0.38979778196457,0.334873824651562
"CINAR_BC_70",0.0376917795479703,0.272848999820771,0.225076221659166,1.61014916632902,0.000704662314222823,0.885015236893732,0.66223687211784,1.28507524077655,0.136619541940946,0.162246823924182,0.666225432393402,1.98906240803987,2.55891757777429,0.0490899805218296,0.128757717014464,2.00398294748323,2.23770705591996,0.250748980999338,2.56088764793891,0.179629500544392,0.0509250065176191,0.454149188337519,0.993239918527832,0.437467962797903,0.110185041141367,0.301957151613845,0.682333326194343,1.54671087790092,0.00578840884772328,0.451242426449665,0.115158424280122,0.367899064741698,0.500884890941833,0.0406787767592243,0.700887382204875,1.38933847068382,0.630486124082028,0.0340203690944102,2.33312152874052,0.544970283714986,0.00119142503825718,0.124859963920458,1.09546951361722,0.272419796224457,0.523762078854155
"CINAR_BC_52",0.0509583728329527,0.170223067351979,0.195861116434146,1.4472779113251,0.000704662314222823,0.580791615944783,0.695563388524757,1.40573581098925,0.120075866798456,0.246690802231931,0.689784555370399,1.94116724211019,2.37383263067459,0.0490899805218296,0.0825641779669419,1.62099020720807,2.39551560386443,0.121515742978985,2.50662579109249,0.237481186213988,0.0509250065176191,0.0424986934944793,0.858518917798444,0.504680450992869,0.0991542732521475,0.380095512925142,0.776962801067036,1.52362561488844,0.0716424346701059,0.774136769277416,0.110180150467735,0.387069952909135,0.622458389729109,0.0449328081898367,0.418023261558934,1.84251928748115,0.386326760773509,0.0168971309019857,2.18684341369224,0.741926472698182,0.00119142503825718,0.134887087582961,0.119294160738255,0.313855998424783,0.650979840937344
"CINAR_BC_103",0.0120634179513466,0.00642382214138497,0.143646636799126,1.12929273358701,0.000704662314222823,0.69752171369913,0.854062702402803,1.29721003029386,0.102968238166043,0.200896942582116,0.665317193127812,2.16146363084954,1.44206742022281,0.0490899805218296,0.0799219591629789,1.61716281939638,1.2579641272834,0.266988728667634,2.39937517710992,0.584749489347904,0.561775084618358,0.620903156790678,1.35438511573627,0.364608169230273,0.106408750610561,0.277688605683757,0.618207149047413,1.70164276276451,0.00578840884772328,0.549110008318589,0.103570741114131,0.281558608856306,0.424667922599231,0.0595460496532084,0.532294796773099,1.46630479053189,0.266844800115967,0.000895155434951834,2.73794078466385,0.580658265097579,0.0329473742071787,0.0990847326062012,0.119294160738255,0.366927742351398,0.460101796777365
"CINAR_BC_80",0.000725573909632558,0.00642382214138497,0.0815960293918196,1.64266767445449,0.000704662314222823,0.379354953803704,0.910309672313941,1.66152818521677,0.0780297861210052,0.451760596494147,0.365757209017879,1.33400980914147,1.50825878027643,0.0490899805218296,0.00267976683860735,1.14483119306441,1.36223521184418,0.049397532688943,3.41371065411987,0.00651283749783321,1.285658669662,0.0424986934944793,0.545973920506077,0.72788050975875,0.206687026740298,0.638984061357935,0.991689166050327,0.57077056241471,0.00578840884772328,1.46951432818698,0.0458445139238521,0.546542197595718,0.595793426919109,0.0384243590940694,0.136776262832196,2.82937601945281,0.238423482085828,0.000895155434951834,1.28268261876382,1.23127668483147,0.00119142503825718,0.220771205949389,0.119294160738255,0.148400611451854,0.9969099952548
"CINAR_BC_90",0.0311847323735219,0.115330350248039,0.0696541658073052,2.06538427612835,0.000704662314222823,0.497107216672399,0.753294091554985,2.08887540405188,0.0733132572623708,0.723908896589502,0.280461578159944,0.923408860467082,0.851745609521518,0.0490899805218296,0.0607232161968827,1.16498411520964,0.926714767043369,0.00474526888060423,3.25228216299243,0.00651283749783321,1.30600738815476,1.28646227320656,0.54090729481637,0.934716836029088,0.11302533192777,0.831028621318888,1.47043812280598,0.898621704082946,0.00578840884772328,1.84132884133062,0.0343775839666154,0.462295741395832,1.06712096421366,0.0419396427151521,0.16823275012876,3.20616971071774,0.215787612403073,0.000895155434951834,0.964258690097012,1.57963984218856,0.00119142503825718,0.146468360810494,0.119294160738255,0.0549907145064288,1.18945258557217
"CINAR_BC_71",0.0115177929103264,0.00642382214138497,0.0782405271770507,2.26144850195307,0.000704662314222823,0.329287749283123,0.950748978921386,2.25280685678238,0.0395550739173904,0.444412439969227,0.270315509389168,1.18781754576475,1.06424006362812,0.0490899805218296,0.0573461628602279,1.20464996899662,1.07870157406869,0.0505900583753995,3.19083516836093,0.00651283749783321,0.93907099377079,1.06794768896693,0.469134744931537,1.25150722610596,0.104318441480934,1.03577021129461,1.5614403435187,0.732876238610463,0.00578840884772328,1.93904549741541,0.0324305117563182,0.705428863810773,1.07563136289392,0.00366431080669402,0.127682988132137,3.34465113627599,0.199080852263587,0.000895155434951834,1.08202432510257,1.73586204877541,0.00119142503825718,0.0709905577344046,0.119294160738255,0.0770594477301759,1.46180388469685
"CINAR_BC_61",0.000725573909632558,0.00642382214138497,0.0676644180933912,2.39144699612816,0.000704662314222823,0.427971482342509,1.0982105236553,2.10494873893839,0.0529475065286208,0.599300597432672,0.304942487961127,1.10881263514094,1.33125889042239,0.0490899805218296,0.00267976683860735,1.31066540178147,1.20392504467703,0.0727834383115033,3.30310674596485,0.00651283749783321,1.7883235599822,0.0424986934944793,0.595415546477452,1.20078640470675,0.266689427637208,0.956979476782495,1.32411556613472,0.972804560161577,0.00578840884772328,1.99647372916826,0.0447178916425092,0.781916960010803,0.926516305847072,0.00366431080669402,0.15444281585025,3.48255994623478,0.181625020322301,0.000895155434951834,1.11657599024403,1.76276600483764,0.00119142503825718,0.298956958886305,0.119294160738255,0.107581661627235,1.46913331868066
"CINAR_BC_72",0.0123541189647248,0.00642382214138497,0.0789081138476596,2.7857886974948,0.000704662314222823,0.660237417638415,1.29776476788243,2.86284974412316,0.0405308077368558,0.725615421297193,0.207034755039114,1.21019519738197,1.11600686470883,0.0490899805218296,0.0862203489335181,1.89337292899677,1.18736269440602,0.00474526888060423,3.84258183596801,0.00651283749783321,1.80680092509394,0.0424986934944793,0.44897960388919,1.66243774619982,0.244072558772943,1.3640578670863,2.02256715502941,0.605109079523686,0.00578840884772328,2.5106559967707,0.0358446702210201,1.08670202740923,1.55186278089002,0.00366431080669402,0.190754956319426,3.99929116868125,0.235419596421887,0.000895155434951834,1.00847709025191,2.3173242234003,0.00119142503825718,0.302857202609765,0.119294160738255,0.104855767528812,1.87718138624407
"CINAR_BC_40",0.000725573909632558,0.00642382214138497,0.0747970244743478,1.79628723430488,0.000704662314222823,0.551652277400256,0.777211721816625,1.89425939484516,0.0628045489277386,0.623581133131538,0.385512872818585,1.2159427909092,1.38137888184596,0.0490899805218296,0.00267976683860735,1.40220193092548,1.33716697277813,0.0767410725533922,3.2370189616997,0.00651283749783321,1.28620583686147,0.0424986934944793,0.681941913160952,0.968021607960969,0.116584806800641,0.818296726328383,1.15368930696033,0.922726828408277,0.00578840884772328,1.48777659049637,0.0462297239772694,0.611463806173948,0.768061746928387,0.336761499473832,0.335706269851962,2.87157874025569,0.337015766484177,0.0604763919133161,1.41147930718275,1.37202108770827,0.00119142503825718,0.218135044095545,0.119294160738255,0.141220527799396,1.06592754374476
"CINAR_BC_91",0.000725573909632558,0.00642382214138497,0.0668440301143972,1.46410858879936,0.000704662314222823,0.329525225727366,0.504984628570713,1.44693342498568,0.0549816779523641,0.307806409337531,0.338045703773955,1.18671003620791,0.803149711695885,0.0490899805218296,0.00267976683860735,0.942053824824721,1.10721859443062,0.00474526888060423,2.35285763687547,0.00651283749783321,0.790945457728898,0.664503591358375,0.474616766640671,0.650341716753739,0.088863271448703,0.529811665285653,0.908499903862802,0.771685742752262,0.00578840884772328,1.2290478329018,0.0339937528754803,0.361673539241522,0.604064646443137,0.00366431080669402,0.243784022871619,2.49272481729137,0.149453588091683,0.000895155434951834,1.34480833434137,0.999011665747197,0.00119142503825718,0.12036979144917,0.119294160738255,0.0798166701721068,0.846953261874127
"CINAR_BC_96",0.000725573909632558,0.00642382214138497,0.098308955440791,1.60263609086473,0.000704662314222823,0.682432393543439,0.629423517609159,1.87815009265629,0.0741563989531554,0.401650124672412,0.295295182928045,1.2792848553059,1.31177550917106,0.0490899805218296,0.00267976683860735,1.74136558753375,1.81536694272613,0.0832646894886469,2.74732362360265,0.00651283749783321,0.78051625404465,0.826529201468923,0.780357358186869,0.625988931588631,0.0908157112719144,0.558568003734701,1.05856400480317,1.06840726484719,0.00578840884772328,1.31216457608178,0.0368762361882669,0.334623294955787,0.613767212585127,0.00366431080669402,0.32228356692751,2.57622342558993,0.220129279999646,0.000895155434951834,1.62852525207274,1.00987650408558,0.00119142503825718,0.110010900758043,0.119294160738255,0.0997126346356382,0.772898899387968
"CINAR_BC_118",0.000725573909632558,0.0654383615147227,0.0791706321302607,0.679797539686689,0.000704662314222823,0.280643078453708,0.42876268724421,0.88950732339488,0.0469387870490628,0.123531724918022,0.290615041708476,1.19584048994075,0.973714694037662,0.0490899805218296,0.00267976683860735,0.829984565434211,1.10671604461752,0.0732157661803766,1.33896244782524,0.00651283749783321,0.0509250065176191,1.45660945260297,0.533725425274957,0.255467901567709,0.00516315934649455,0.203497062352343,0.314304757710528,0.935981558258613,0.00578840884772328,0.400316161568357,0.0384736097652164,0.168275217087111,0.198627390902961,0.00366431080669402,0.160735374593746,1.15950504089853,0.16848726612591,0.000895155434951834,1.12970207695807,0.320385004709682,0.00119142503825718,0.0611433850394269,0.119294160738255,0.121642681037113,0.319965666183237
"CINAR_BC_63",0.155803977642356,0.290276543049696,0.194417429282504,1.41656761748134,0.000704662314222823,0.731827409689922,1.01784293520283,1.67425735644408,0.105349576647154,0.254649858409678,0.599870760806483,2.00825356304733,2.20947655150153,0.0490899805218296,0.105006856734664,1.70306237418492,1.67395034308698,0.174163863014874,3.10883241629886,0.406601681988314,0.0509250065176191,0.61840796260626,0.838274359504541,0.540748973026483,0.151774866574082,0.41646512750154,0.924918792996269,1.39400270290021,0.00578840884772328,0.934323212416147,0.106924560072663,0.399890615435277,0.650411756828987,0.0395183434260328,0.312193782488683,2.08521252369403,0.694349238589637,0.0368770912099656,2.45936460153534,0.912089580430547,0.0255409843653773,0.128885877213665,0.119294160738255,0.400036504836282,0.604157283902105
"CINAR_BC_93",0.00777130316598522,0.163561208642195,0.104423108879604,1.40761900864066,0.000704662314222823,0.531205704662729,0.52900291066405,1.46290355094725,0.0560630890846759,0.410424697088461,0.25280046405163,1.06185472021777,1.09712387162967,0.0490899805218296,0.00267976683860735,1.24267880441678,0.986604353011688,0.0862852003404389,2.45316242260516,0.0959245347391892,0.652642988152625,1.18145605711811,0.553931541231964,0.55521461132704,0.0969512951751548,0.457288124368879,0.820829245883613,0.924109995495152,0.00578840884772328,1.09564085379214,0.0367652632900542,0.295614489829838,0.499182125046795,0.0430322133530261,0.230670809790661,2.22648234465606,0.240721870823447,0.010335072164279,1.35020485841883,0.956661284120553,0.00119142503825718,0.109825391401244,0.119294160738255,0.0716130083514169,0.749677066172764
"CINAR_BC_97",0.000725573909632558,0.00642382214138497,0.0656977137711373,0.058715218716002,0.000704662314222823,0.281920827792666,0.281182774242286,0.795886323364896,0.060214492740345,0.22864321240556,0.299727092665443,0.974863004127163,1.12762419302945,0.0490899805218296,0.00267976683860735,0.897226969911752,1.36704098064437,0.0530893294563249,1.13969856215575,0.00651283749783321,0.0509250065176191,0.439042218451591,0.643439426626303,0.220645625359439,0.00516315934649455,0.200840557255102,0.403694305370509,0.795584765282342,0.00578840884772328,0.36749939157932,0.0343413976242927,0.154260244330368,0.192001833953914,0.00366431080669402,0.0971431649563707,1.13389051490109,0.137052981060999,0.000895155434951834,0.858957249492512,0.315844369484476,0.00119142503825718,0.0632797104313627,0.119294160738255,0.046247599619797,0.262595075577714
"CINAR_BC_84",0.0140845865663551,0.201388878279815,0.126770124864917,2.10353458263026,0.000704662314222823,0.647560554999564,1.36340686404135,2.33127511033504,0.0834178729265079,0.577772911613385,0.342169937179593,1.22153707526324,2.68858167708887,0.0490899805218296,0.00267976683860735,2.85774207917565,2.6034913378987,0.1025499752309,3.1535372354127,0.00651283749783321,1.47586997698408,0.0424986934944793,1.17529365431481,0.910913170896417,0.12570137427787,0.790807773726102,1.23258849499033,0.945997548951617,0.00578840884772328,1.81912327849598,0.0336019011934049,0.634245471508103,0.909908789036736,0.00366431080669402,0.218911026187894,3.22917802746254,0.203727775148507,0.000895155434951834,1.52461687284728,1.58879468874135,0.00119142503825718,0.227581000498437,0.119294160738255,0.0947694021696095,1.26871846034905
"CINAR_BC_53",0.000725573909632558,0.00642382214138497,0.0852442890616883,2.19226572497087,0.000704662314222823,0.415331162064599,0.978154664616556,2.18890103749999,0.0985521526759523,0.549734575690081,0.367218468533052,1.23347643834873,1.23353791203549,0.0490899805218296,0.00267976683860735,1.36446930532882,1.23428058543736,0.0489840710058638,3.41234200617067,0.0824710229609852,1.32865466458541,0.0424986934944793,0.606637487126293,1.09915958058911,0.138981112175562,0.925418076818934,1.32954707150035,0.696590091984134,0.107980648454133,1.88678303822769,0.0435250747557706,0.658941120668699,0.984644383526196,0.00366431080669402,0.258688426144587,3.40688088523594,0.191032530908273,0.000895155434951834,1.47786722398274,1.65717269570949,0.00119142503825718,0.191200714980737,1.00702746286494,0.120856801918885,1.30946772098281
"CINAR_BC_82",0.000725573909632558,0.00642382214138497,0.0718085190945942,1.86459463071174,0.000704662314222823,0.368289263514961,0.82341770854689,1.92025669607686,0.091790533734451,0.47062451894055,0.341527206939143,1.58639640817506,1.01700187987084,0.0490899805218296,0.00267976683860735,1.35899972467272,1.13169719517178,0.00474526888060423,2.96613514679285,0.116830722506577,1.30520387544471,0.0424986934944793,0.545636876779313,0.873661231464101,0.133099967410265,0.753718198373318,1.2420465358092,0.755091317705745,0.00578840884772328,1.66126960728375,0.0472423274157738,0.568083179650804,0.704991495196995,0.053458254906927,0.160904104235464,3.14739130824653,0.167795624856627,0.000895155434951834,1.31483110035269,1.42420819667336,0.00119142503825718,0.195098856254988,0.119294160738255,0.156427842937581,1.12319350100015
"CINAR_BC_95",0.0432440643261523,0.233195565998006,0.133862681004447,0.927246616889853,0.000704662314222823,0.703242031600234,0.377050937708746,1.05127882716624,0.0375381539732859,0.243669949751706,0.428127888898435,1.68785445983712,1.79756013583047,0.0490899805218296,0.0368586673489803,1.41158126474243,1.44471440628504,0.171728063784608,1.9097815464266,0.131603634654189,0.0509250065176191,0.0424986934944793,0.66725695079786,0.372088998975481,0.0816356986363543,0.292415946098477,0.562918549900956,1.37180964895542,0.00578840884772328,0.439848652656659,0.0724227935133991,0.241759477007703,0.47837710580008,0.00366431080669402,0.443267459460235,1.23717726168104,0.340135144146931,0.000895155434951834,2.10185107031876,0.515295989113998,0.00119142503825718,0.0893835822023305,0.119294160738255,0.210430664588208,0.339396863075391
"CINAR_BC_42",0.013538191984822,0.00642382214138497,0.0923850112889297,1.52722732893399,0.000704662314222823,0.487494841878585,0.473976043678478,1.18382122216741,0.0534774286261461,0.80209674695599,0.286397041205787,0.819924729080779,0.867669761241216,0.0490899805218296,0.0378482865772897,0.907766244989438,0.802783987452995,0.0493190938110091,2.48075173780428,0.00651283749783321,0.71274544497617,1.04481693526826,0.471751596041861,0.715349969032945,0.00516315934649455,0.535904370622604,0.885866690753603,0.947519728628066,0.00578840884772328,0.780524195900545,0.0328128959776723,0.462891465574296,0.543005778794547,0.169388933599368,0.184821032617812,2.24536789468166,0.462198059766777,0.0666715434156926,0.961237138812081,1.02311296103305,0.00119142503825718,0.128240395182699,0.119294160738255,0.0873326207742671,0.84303231285944
"CINAR_BC_43",0.0237000057845051,0.00642382214138497,0.0708362220801192,1.42483364641325,0.000704662314222823,0.844422255451027,0.634325423627893,1.5940028821638,0.0864054913631423,0.32198070151435,0.331645704244305,1.11026464558405,2.54497769523259,0.0490899805218296,0.103478613124322,2.68988181046791,2.72844326044977,0.164067781269108,2.27147823877897,0.00651283749783321,0.471466272962193,1.65608610814735,0.99755966937281,0.491023992517367,0.00516315934649455,0.387093587706053,0.826809197647804,0.95197509301522,0.00578840884772328,0.557583576652455,0.0311702735971238,0.285068449232757,0.430197082269098,0.104764283713647,0.746542978964641,1.55966752643106,0.254902220808675,0.10509775376142,1.40801422784929,0.68157554316946,0.00119142503825718,0.0810913711847983,0.119294160738255,0.225267505339459,0.623472376410771
"CINAR_BC_75",0.00844183469869715,0.072852375048885,0.064481950105076,2.26641508037022,0.000704662314222823,0.355157309810545,0.879273565772452,2.40889923864475,0.0623486476765228,0.620031465271542,0.300700407268529,1.2934478655603,0.827228339950745,0.0490899805218296,0.0290445960326242,1.23623330979309,0.886462631705741,0.00474526888060423,3.31587551280745,0.00651283749783321,1.55328523889654,0.0424986934944793,0.644039031589813,1.08220461285396,0.170721157078389,0.944783486672059,1.45980462721771,0.506660122034054,0.00578840884772328,2.17341835191202,0.0393643661379602,0.694852733427934,1.04892150042978,0.0539749498086738,0.146998937475664,3.63517315246673,0.159046083586798,0.000895155434951834,1.1266400547153,1.82618924521193,0.00119142503825718,0.175884717972052,0.119294160738255,0.107783329052674,1.4138484449205
"CINAR_BC_83",0.0131428726975124,0.00642382214138497,0.101811248261996,0.986916711353581,0.000704662314222823,0.765528080247843,0.840843420375043,1.09539448136827,0.0579826952818995,0.239661767289297,0.450988378139239,2.14775186987902,1.94007462483704,0.0490899805218296,0.0435984920454438,1.61185250259978,1.79948749562563,0.147387823507731,2.34533771652354,0.259990609190268,0.0509250065176191,0.0424986934944793,0.981966563993034,0.309726686591094,0.0882414270974741,0.2376928930882,0.578442077824636,1.09039177817104,0.0919469553466417,0.389777110535297,0.0884890016051715,0.25969642972644,0.432687969127579,0.00366431080669402,0.534621338210566,1.3775686548823,0.21844607650758,0.0111909031658305,2.53002379642441,0.434354242072696,0.0187804457467708,0.145051002414349,0.119294160738255,0.338384317145618,0.316737271982581
"CINAR_BC_50",0.00732055539368075,0.115734034673023,0.0986761422333849,1.89480949913913,0.000704662314222823,0.380383093637865,0.608683951705819,1.75405415707782,0.0690967414112746,0.473449110540634,0.34355770128803,0.789764167719986,1.51591047517697,0.0490899805218296,0.00267976683860735,1.36038499276504,1.82498427700365,0.054115961699391,2.85034284689736,0.00651283749783321,0.864435219546683,0.0424986934944793,0.568218923872244,0.820778219562282,0.083843477444714,0.709070318045257,1.11580768635281,0.818096900232195,0.00578840884772328,1.56298303225682,0.0350383663852422,0.507802029822308,0.705299579613999,0.043867788365912,0.133348624452555,2.9137183268416,0.321599739373552,0.000895155434951834,1.19070067920788,1.34245820512785,0.00119142503825718,0.0849247227220363,0.119294160738255,0.102676350522043,1.04557247478763
"CINAR_BC_109",0.0170109942234811,0.00642382214138497,0.141370411004829,2.2950701090261,0.000704662314222823,1.06611277776902,1.4395553784969,2.44992463949887,0.0861951161499258,0.491858569583679,0.644840818765409,2.23772519200899,2.57739148655623,0.0490899805218296,0.0526172786531882,2.53077772058398,2.57207608614969,0.258752233502142,3.81475802843852,0.448367335390452,0.924501327061339,0.895093757492485,1.03128033016792,0.939918272751586,0.136190775865546,0.771333307171317,1.49738875367733,1.06148708985469,0.00578840884772328,1.77521116888798,0.102785438965296,0.58223728876098,1.01835139457742,0.0382813133065159,0.580587039789348,3.33413701858498,0.28139011034552,0.0311773314634071,2.77687166528234,1.62879441277934,0.0168198766143126,0.229337607894583,0.119294160738255,0.714627650544464,1.18517992862273
"CINAR_BC_119",0.0100459496913015,0.297633115960401,0.204009037297051,1.29183105863988,0.0153408312193212,0.529270617924826,0.419146644110418,1.23274432079211,0.0537185728305612,0.111664089255866,0.418113692817226,1.88123704255498,1.57983696415442,0.510402699254338,0.0432428938482145,1.73622132200741,1.94123691589845,0.185355584792572,2.34234413502903,0.240049243583105,0.0509250065176191,0.0424986934944793,0.706034142919287,0.347029081592128,0.0551015066404377,0.273322994298715,0.618576309164554,1.16152245989391,0.101953327491629,0.514992261750197,0.0799737211008336,0.274612415245293,0.978565938080845,0.00366431080669402,0.343755406534786,1.42191236322619,0.313058342659007,0.0105559824183201,1.98682620963175,0.526066182754229,0.00119142503825718,0.0768072884713591,0.119294160738255,0.264644414407973,0.415688605430462
"CINAR_BC_67",0.0213528428428816,0.174191377661292,0.136712047473325,3.00481729455695,0.000704662314222823,0.676174171763267,1.31314004407868,2.92714712943395,0.0629983111614041,1.27038176801975,0.355961262813754,0.865355934162198,2.50988695837438,0.0490899805218296,0.0920595921745354,2.87319102529169,2.61614256388063,0.125365001811327,3.88628594606559,0.00651283749783321,1.98081247365973,1.60334633866918,1.04116827421152,1.4420063676092,0.178201884279817,1.22159204689276,2.01324476218243,1.48418755432816,0.00578840884772328,2.63689227407699,0.0319286223669583,0.816662688167492,1.59137528496626,0.0508481701182374,0.230844898132693,4.14588622332975,0.388423245294296,0.0268336866685595,1.76984077626687,2.44891927986146,0.00119142503825718,0.234127952071698,0.119294160738255,0.152730445013771,1.86506008503194
"CINAR_BC_79",0.0256268324458015,0.00642382214138497,0.0788109099665156,3.66782622173335,0.000704662314222823,1.01848619631262,1.58872560703773,3.65760356698084,0.0789615867127643,1.85996937414376,0.333633652335775,1.63637857339986,0.936134558513978,0.0490899805218296,0.185335624638462,2.23090797398457,1.50725928745109,0.0504430913195729,4.90602465960895,0.00651283749783321,2.98525327583934,0.0424986934944793,0.834385392832279,2.49083759260788,0.484242654345368,2.11177230630561,2.73877087564228,1.61511442176747,0.599179581654444,3.34198276067606,0.0496568572694528,1.7628010331659,2.12515714629874,1.0814588200923,0.170206196977962,4.95036545981454,0.412578394749062,0.191896867497874,1.44373579448241,3.1361581965353,0.00119142503825718,0.689406042161612,0.119294160738255,0.157845736889744,2.67432697641777
"CINAR_BC_60",0.000725573909632558,0.00642382214138497,0.0831361909370704,1.97642037011204,0.000704662314222823,0.449745708758128,0.871029237283495,2.03707637197577,0.0857260351757376,0.529389173607393,0.376227410213668,1.40274460774174,1.40684967603829,0.0490899805218296,0.15572690051831,1.65282301536763,1.49088576580563,0.0816837169086693,3.01435381439245,0.0784328395860389,1.31418214261911,0.70501565238202,0.874816838959735,1.01226301646129,0.170859492013672,0.82488355570024,1.24618217361633,0.820578765493928,0.0572093641103018,1.74058740545896,0.0455228158507169,0.641264085981267,0.916616894330317,0.0477028689564573,0.230564483104055,3.05235517168932,0.184221962016472,0.0174797315120253,1.46809243829639,1.49332783130347,0.00119142503825718,0.203197451984784,0.119294160738255,0.117462066506055,1.14993854195177
"CINAR_BC_111",0.000725573909632558,0.079857534979249,0.084609617475488,1.7400770907661,0.000704662314222823,0.448415840806249,0.747346991594278,1.79620728110592,0.0582026273004318,0.334011902487185,0.321836943689375,1.43068376739437,0.790710913831317,0.0490899805218296,0.0583945687393107,0.960516112333866,0.782468543726898,0.0652240320634934,3.04486984086656,0.123373659218539,1.19691242250748,0.0424986934944793,0.434897100388119,0.916800444407891,0.142062833777931,0.752131534810941,1.22936625176812,1.13390467686137,0.00578840884772328,1.58944155848571,0.0403166765977078,0.598666431278009,0.75232346372583,0.00366431080669402,0.201209344037366,3.02081242330389,0.17759637176264,0.000895155434951834,1.92356088039273,1.38861988883413,0.00119142503825718,0.196524358682109,0.119294160738255,0.15528985414193,1.12011734199834
"CINAR_BC_56",0.000725573909632558,0.00642382214138497,0.0538046299017553,0.058715218716002,0.000704662314222823,0.202109868233366,0.498451106852356,0.777812654127881,0.0755960974003058,0.10099529490476,0.327717291453444,1.16486883950644,1.20403958933046,0.0490899805218296,0.00267976683860735,0.627784211483184,0.880735217365095,0.0695077381725561,1.28589870639174,0.0895770047136905,0.0509250065176191,0.442643639892295,0.757977669606254,0.15340833607797,0.00516315934649455,0.159450520807484,0.269933953334927,0.96836709248035,0.00578840884772328,0.250388815397255,0.0402880493946928,0.131390241694425,0.112727997676317,0.00366431080669402,0.261235801333982,0.647252276811669,0.143210526401363,0.000895155434951834,0.898634527661556,0.0249170596370917,0.00119142503825718,0.00538193938897045,0.119294160738255,0.0803829726169018,0.028225254750197
"CINAR_BC_68",0.0103129701108223,0.00642382214138497,0.0871647000899099,2.46775262379688,0.000704662314222823,0.604435400666292,0.948752231333654,2.49657564360819,0.061620007632103,1.14581588011574,0.345698495536227,1.31539277653251,1.08109383632451,0.0490899805218296,0.12095211733081,1.82333856410492,1.34131910112865,0.0748558686790141,3.73497322597012,0.00651283749783321,1.59971325695643,0.599192281388327,0.682151495932042,1.17784072758565,0.142237765414705,0.994247089817158,1.64072939445157,0.989134528828868,0.00578840884772328,2.15802498832196,0.0424363992537314,0.694892780620574,1.22215508961143,0.00366431080669402,0.231725691808997,3.68185044292502,0.334487789114351,0.000895155434951834,1.19223228539175,2.06248631494949,0.00119142503825718,0.194361868173032,0.119294160738255,0.119395045941218,1.47416330073413
"CINAR_BC_49",0.0199444959373349,0.380360432611023,0.293930503760242,1.59686292284283,0.000704662314222823,0.814383636223735,0.849009874200156,1.51266482579237,0.141166373934979,0.174265307488486,0.730863761362367,1.79590602236568,2.94440547619538,0.0490899805218296,0.0855512937557796,2.28293594272679,2.82327927059788,0.215501958923959,2.53561818406736,0.223120413633151,0.0509250065176191,0.484339110535536,1.159706448015,0.443069253576587,0.0638047584308966,0.309106585952411,0.67474927830387,1.67539778523457,0.00578840884772328,0.484675776954152,0.102288118463294,0.364061529191228,0.72215176427136,0.0580869623902326,0.633848210551493,1.27666958989523,0.630604020373861,0.0515896917555187,2.04216985223773,0.533849138972835,0.00119142503825718,0.0731234235885752,0.119294160738255,0.333634815482052,0.591593279630689
"CINAR_BC_117",0.0298997216296781,0.706844572571489,0.313172908211187,1.80196280666096,0.0231969945492477,0.804574665281152,0.921661555702129,2.14028711586404,0.0650304926955346,0.273417550346952,0.506004164654944,2.1684878543695,3.68625515179415,0.610846084393426,0.0770895317773105,4.03245606925757,4.6930567896015,0.326722057653672,2.64224261069516,0.175769742930743,0.0509250065176191,0.0424986934944793,1.36331274477924,0.605972986453741,0.0909307812152476,0.433844671447431,0.903643839612892,1.2027564795705,0.226945539790988,0.823460986470642,0.0811111071866303,0.416734245168444,0.921351273275913,0.00366431080669402,0.788324083742963,1.98674243121535,0.428343897437818,0.187327077646511,2.40520396896643,0.915538929642623,0.00119142503825718,0.150940764173317,0.119294160738255,0.349825481657499,0.80902223060455
"CINAR_BC_46",0.000725573909632558,0.00642382214138497,0.092366290917192,0.058715218716002,0.000704662314222823,0.358478740792655,0.249998263967861,0.70298367438942,0.045605295576064,0.0590415584095429,0.278120366157579,0.706818498770962,1.10853291855703,0.0490899805218296,0.00267976683860735,0.915136074155574,1.01307695393349,0.0626428355815734,1.23642167369645,0.0729560229159415,0.0509250065176191,0.0424986934944793,0.470548114035446,0.143234799728255,0.00516315934649455,0.148337447745676,0.23936846754273,0.853926918979746,0.00578840884772328,0.0241191448340464,0.0352441536794113,0.0913295049243665,0.166170430010825,0.00366431080669402,0.124848712356593,0.0544049198472823,0.204541989425495,0.000895155434951834,1.17481650431443,0.0249170596370917,0.00119142503825718,0.0615676479432493,0.119294160738255,0.0766567873833967,0.028225254750197
"CINAR_BC_78",0.000725573909632558,0.00642382214138497,0.0529568061587264,1.60807198758204,0.000704662314222823,0.543191184744172,0.925752725467739,1.80189325701128,0.086664188665441,0.592810832050126,0.41263108057074,1.38029418425085,1.24952893123652,0.0490899805218296,0.00267976683860735,1.53479008109204,1.23551851927942,0.0749100850258828,2.79965557908843,0.00651283749783321,1.05105632752589,0.0424986934944793,0.742370509844805,0.757212738458541,0.130945900127174,0.622801626801932,1.06073538374592,0.953973897056076,0.00578840884772328,1.30893481104412,0.0405619493710974,0.471299599615167,0.681783808531305,0.064307823029009,0.20593833153568,2.64408068612507,0.247028658629847,0.013949764403338,1.14186435444051,1.18955692353402,0.00119142503825718,0.149437667165083,0.119294160738255,0.10911201998448,0.892744866187689
"CINAR_BC_66",0.00839318891078894,0.00642382214138497,0.0778801834362068,1.20414440929835,0.000704662314222823,0.405557628132764,0.563694828337276,1.18080051773538,0.0709163607801732,0.363229658601958,0.242858049900956,1.08715321517633,1.00281792848696,0.0490899805218296,0.0341446453589541,0.911728038938473,0.763164417727498,0.0703147771034914,2.55918409942612,0.00651283749783321,0.544861843427442,0.717600591761077,0.471877174830098,0.47296668647337,0.0810274874783103,0.411989077699085,0.66276293865213,0.649807868413492,0.00578840884772328,0.91729706803108,0.0379538897149171,0.298337422156645,0.430452277611992,0.00366431080669402,0.182498231176886,1.97508447694893,0.202033197828109,0.000895155434951834,1.01429645124562,0.80313007828284,0.00119142503825718,0.0924449543581244,0.119294160738255,0.109338725228128,0.654947212709528
"CINAR_BC_36",0.000725573909632558,0.00642382214138497,0.0512728826572786,0.792391069612022,0.000704662314222823,0.224961379284476,0.429231656718988,1.04727746420593,0.0820387914756996,0.226081109402097,0.325003701995552,1.13517599857122,1.02956263386472,0.0490899805218296,0.0505211877158623,0.597262953178138,0.773018135710576,0.047627884729407,1.82183616803671,0.00651283749783321,0.0509250065176191,0.0424986934944793,0.665200508656326,0.364619237606152,0.00516315934649455,0.324378905215422,0.525777945046729,0.601496069195996,0.00578840884772328,0.645153453888648,0.0321398158654787,0.246264334754798,0.289796281933534,0.0487674851345909,0.124340258883896,1.41282863797707,0.227754520807206,0.000895155434951834,0.907612092775798,0.509812069579705,0.00119142503825718,0.00538193938897045,0.119294160738255,0.038186613162597,0.420111835616712
"CINAR_BC_102",0.000725573909632558,0.0761941723214756,0.0714536949474975,0.987162723331302,0.000704662314222823,0.313397644348256,0.555716598798874,1.15830831712085,0.09408183581251,0.169360014804733,0.321780526183358,1.2999542071703,0.650827157858777,0.0490899805218296,0.00267976683860735,0.728940168565202,0.669849202029507,0.0736907591380944,2.11727289953813,0.00651283749783321,0.486921381441998,0.0424986934944793,0.474422653318746,0.416297081706192,0.0627749473146632,0.330173374520803,0.533562497049104,0.884833508212472,0.00578840884772328,0.818513566373009,0.0424637118880808,0.245966819606366,0.350370115721942,0.00366431080669402,0.165422084686671,1.88560689668019,0.142683703352082,0.000895155434951834,1.26654859285636,0.655288431077527,0.00119142503825718,0.0965030436793889,0.119294160738255,0.0997791185701827,0.549998630361175
"CINAR_BC_37",0.0163175943539222,0.00642382214138497,0.14866668508183,1.33334476347534,0.000704662314222823,0.860495490748574,0.986168965992087,1.33481436403509,0.161047426208006,0.303234391743741,0.726027800145351,2.13896560917003,2.0609466569114,0.0490899805218296,0.0813678647265501,1.66622012040173,1.55857874549458,0.225904677502404,2.88374814590228,0.336808036924196,0.465144113750911,0.457348258937922,1.3889916003192,0.36969559809421,0.0934453468588266,0.296977917126543,0.69355004017015,1.22857180370688,0.00578840884772328,0.526001692727023,0.103912186019814,0.327064760395449,0.524566497789035,0.0596007737945237,0.41503916414796,1.46054812309248,0.460127354478036,0.0612378098250113,2.75345631977511,0.60831568371141,0.0314761289148691,0.121670450687921,0.119294160738255,0.261577954345692,0.452728842773051
"CINAR_BC_41",0.0229696412906664,0.00642382214138497,0.191633097219798,1.40339414979303,0.000704662314222823,1.00393395579983,1.062671701566,1.41158151095037,0.175616925508594,0.345886294114458,0.718557326160993,2.11381865598335,1.86585791412086,0.0490899805218296,0.170097877245907,1.93343980827468,1.68427764609775,0.253628569160803,3.204162726165,0.24077373607793,0.568554590785105,0.988619545098552,1.46602906862936,0.365761499395341,0.0949131383499068,0.307605155045638,0.788816581127885,1.32263618163668,0.0941763457650214,0.451881467168419,0.106061334697967,0.337550217096678,0.694027532925992,0.0548598782344111,0.474098694314777,1.42542984415916,0.451976486455693,0.0427692917984139,2.96695727634304,0.616733401901068,0.0319290160685856,0.147840462326166,0.119294160738255,0.362106727715403,0.512427510603368
"CINAR_BC_81B",0.0163098642956448,0.00642382214138497,0.162175075999095,1.19814279166895,0.000704662314222823,0.850683864504331,0.662003922157713,1.03193871887474,0.107758362157245,0.17523399787293,0.611371286351698,2.56556302963668,1.65039005396085,0.0490899805218296,0.283422502778328,1.65927524427922,1.64688169046265,0.209238314736199,2.70617499993828,0.420451988638827,0.0509250065176191,0.446812043768916,0.92349165103004,0.332374511846671,0.0689377743060322,0.234944315041682,0.60349722089458,1.06955105101614,0.146027126007076,0.321590038760208,0.10453322469447,0.301616307079618,0.365028386335366,0.281218447296257,0.548952303151671,1.2382257744216,0.34446316490459,0.0896825816449414,2.72581487164822,0.431010423167646,0.0180271275682817,0.0997797351700351,0.119294160738255,0.412221369164785,0.402690974135556
"CINAR_BC_110",0.0135017792829972,0.00642382214138497,0.147971849940776,1.94364460854429,0.000704662314222823,0.913391507644128,1.28772837351503,2.16338097683346,0.0948397793001826,0.418476843255305,0.628361645442457,2.48162656896229,1.91371210083756,0.0490899805218296,0.0815139198473669,2.04455066793342,1.95300280633617,0.28391420747042,3.1941858534811,0.459843558898967,0.724355662970396,0.807440354279557,1.16386749596736,0.754099635425417,0.123186568611987,0.604367838212233,1.26316106108404,1.46873745063787,0.00578840884772328,1.53080150745178,0.107055618816491,0.494660655724518,0.887793781989068,0.0447065288588712,0.536542097861791,3.02619473879647,0.317658213471234,0.0238992915189336,2.31323948214427,1.43453556234308,0.0277350701754171,0.143634916993155,0.119294160738255,0.456652096914369,1.04794489300142
"CINAR_BC_114",0.000725573909632558,0.00642382214138497,0.0621163501576439,1.23919549948557,0.000704662314222823,0.288206491463958,0.551450929634389,1.35352557726928,0.0611023517646255,0.340777199480394,0.254718704396249,1.15789187220953,0.97721431098547,0.0490899805218296,0.00267976683860735,0.858878144869075,1.16265149984368,0.0504776069374779,2.23676374028095,0.00651283749783321,0.0509250065176191,0.0424986934944793,0.558878387397837,0.613444359683575,0.0648433286473167,0.493480360027342,0.770229174512121,0.71934204364992,0.00578840884772328,0.981120012116774,0.0386733541485737,0.336008205109784,0.472185966566189,0.00366431080669402,0.0983430387273577,2.1897920277559,0.134946388905397,0.000895155434951834,0.862702432738922,0.863630214239856,0.00119142503825718,0.0984901208874502,0.119294160738255,0.0929646610050169,0.637751662819626
"CINAR_BC_39",0.000725573909632558,0.00642382214138497,0.0701417635406765,1.75715380322062,0.000704662314222823,0.600674867439748,0.824795421489093,1.81678558371716,0.0566830445349009,0.536043623183789,0.330172660726723,1.27997171199785,1.61899754899013,0.0490899805218296,0.00267976683860735,1.28871475078323,1.47746931790547,0.00474526888060423,2.83643183072079,0.00651283749783321,1.26887435565848,0.0424986934944793,0.693349129296758,0.929350688166685,0.108293791797665,0.737023548947317,1.08798108913526,0.666976683556655,0.00578840884772328,1.37866535641447,0.0354558998701323,0.532508845710661,0.661449275502373,0.280541197282071,0.358955669335867,2.64328024745537,0.288506420078712,0.0577983971161993,1.43823533747479,1.24938724921641,0.00119142503825718,0.167211257421278,0.119294160738255,0.113507442451505,0.986136290608876
"CINAR_BC_74",0.0361719593614205,0.346453623609076,0.236924427307145,1.77359355997933,0.000704662314222823,1.16532403804088,0.746374936426882,1.50428683071625,0.1441502647251,0.376424687770174,0.651663929570414,1.88959011575781,2.55795595327762,0.0490899805218296,0.102041024399721,1.88054373261462,2.02287048717746,0.249940615948226,3.02198564088337,0.242206892605156,0.542942826820139,0.410100254309573,1.14142717709506,0.575505140288653,0.112838564788737,0.437882925282549,0.896766223450314,1.63602398826358,0.00578840884772328,0.752108677189604,0.120631985814572,0.445023348380046,0.786078760540119,0.0460899373097105,0.672945117318877,1.97532299342272,0.54102901399483,0.0235289905136985,2.56403983922719,0.82308328217757,0.00119142503825718,0.116549671993088,1.20046025521859,0.302374075004972,0.770352469991327
"CINAR_BC_108",0.000725573909632558,0.082260979413947,0.0604059301329024,1.21857432720449,0.000704662314222823,0.337710077246911,0.549767728933995,1.36477425261565,0.0723569578279847,0.272397065660106,0.361527886462991,1.36156027635268,0.807183498268372,0.0490899805218296,0.0433537938153356,0.863607688148041,0.965792363362367,0.0636962946625796,2.25028454461879,0.0907577867594403,0.703460821521425,0.0424986934944793,0.546480349020187,0.571476115554635,0.0989698384044136,0.468019633657335,0.823620110235199,1.04214818281333,0.00578840884772328,1.09960348189438,0.0351852440496297,0.337864850396035,0.481748608905965,0.00366431080669402,0.161608508223253,2.42349630317763,0.122433621752026,0.000895155434951834,1.16990041706815,0.938776738114623,0.00119142503825718,0.117580626432583,0.119294160738255,0.128393285374441,0.650171235846377
"CINAR_BC_105",0.0223712193827917,0.274579830865394,0.18317567952431,1.71511360826709,0.000704662314222823,0.826574618367095,1.49956360212975,2.45806120483209,0.0987168508675683,0.439318529475702,0.452988528984275,1.47091967497899,3.50558219805916,0.0490899805218296,0.0410945634793526,3.64901530071227,3.31416116733818,0.266813513518912,2.83031529436657,0.235954117880567,1.02315222484394,0.0424986934944793,1.54856638940219,0.79800041058185,0.0898779784389667,0.690305271269853,1.16805827352268,1.36337325897486,0.00578840884772328,1.32046609760336,0.0317834096946505,0.566057640838765,0.882139397312685,0.0465995791887524,0.267342357898065,2.55024536192925,0.25850308362173,0.000895155434951834,1.8827869552695,1.21947730486698,0.00119142503825718,0.181177800528113,0.119294160738255,0.230832882201201,0.931984855445315
"CINAR_BC_81A",0.000725573909632558,0.00642382214138497,0.0660331587118149,2.37981039787695,0.000704662314222823,0.444134394621907,0.891177100195943,2.47596273628387,0.0696566430066675,0.613196938074485,0.311154773586578,1.55309936959696,1.05890147589248,0.0490899805218296,0.0381115626346132,1.33662058142159,1.17809637690469,0.0516710792933626,3.54528418416971,0.00651283749783321,1.73533984378118,0.0424986934944793,0.625049285989623,1.11704924890778,0.191493788793518,0.973860357768084,1.53877654171696,0.83649266934447,0.00578840884772328,2.26472192203336,0.0367616699481896,0.663806622272211,1.07471847709694,0.0457318764628958,0.182733224986422,3.79323839533211,0.147690253562266,0.000895155434951834,1.2883653099151,1.98060775497228,0.00119142503825718,0.25288355553728,0.119294160738255,0.110613265669783,1.41400847115882
"CINAR_BC_57",0.0154151772808614,0.00642382214138497,0.196172284254634,1.20226537935493,0.000704662314222823,1.05413801835731,1.13860179198486,1.46023480565538,0.155269131641881,0.079192411472166,0.58235024509654,2.18879908323984,2.43669798398775,0.0490899805218296,0.0681811577015633,2.08356664858137,2.04515130264436,0.240116756047515,2.92609861295875,0.356173872069984,0.0509250065176191,0.988752556093708,1.20452170765203,0.245649265460225,0.107235757604729,0.210957918464116,0.599165655151086,1.3016841400678,0.00578840884772328,0.239237146128228,0.111427104223606,0.289341808989587,0.502092163035499,0.00366431080669402,0.516034239886869,0.818264742136433,0.326711261792249,0.0397737137761787,2.98022940740026,0.370246040244136,0.0316537924180201,0.159789552416619,0.119294160738255,0.370714170147228,0.328029497531111
"CINAR_BC_55",0.000725573909632558,0.00642382214138497,0.106323774048157,2.07746821818379,0.000704662314222823,0.52130463994336,0.984541421104453,2.05176122501491,0.0892854895102418,0.7445039580284,0.284484298286583,1.25034398485883,2.43616291013925,0.0490899805218296,0.00267976683860735,1.60833382424253,1.67079461749252,0.0663387242835443,3.01433604822534,0.108328339961064,1.5482914299866,0.0424986934944793,0.690605340314276,0.993820779263466,0.181137843064753,0.848117383391766,1.15501365794077,1.07404556602965,0.0753325471518018,1.68208575528921,0.0393215715517665,0.59729545161151,0.791914653395442,0.00366431080669402,0.243921718125317,3.16544056553685,0.326402043691499,0.000895155434951834,1.01843266057304,1.53944210055147,0.00119142503825718,0.262392647340485,1.64700287264519,0.126442290840495,1.24951757597386
"CINAR_BC_116",0.00790154864566184,0.250345942426238,0.108905825162356,1.48806067049439,0.000704662314222823,0.471006784627966,0.706445896621422,1.3150598343252,0.0681965726903621,0.501253083208867,0.261008448834394,1.09272565080283,1.24981734945518,0.436581213414828,0.00267976683860735,2.06738545176426,1.59874272227297,0.0943192207426707,2.15120729152431,0.00651283749783321,0.828382531207766,2.17750143856328,0.654146169895599,0.68889732049562,0.0951369046486912,0.5448195344642,0.749190967093107,0.709980476953264,0.0701969145021612,0.898570337430971,0.0297093739874382,0.457285757981506,0.564792001461873,0.0466016520978461,0.195093059263865,2.28408684924193,0.244171739711848,0.0333023665723358,1.1308119341515,0.899370812755496,0.00119142503825718,0.133608816711597,0.119294160738255,0.111556285722647,0.835762730707368
"CINAR_BC_76",0.000725573909632558,0.00642382214138497,0.0814822099475676,0.747698688270065,0.000704662314222823,0.35271703425187,0.55595741448879,0.972237281557506,0.0667923348932031,0.292423221463038,0.306028690909494,1.39630207094507,1.35177884036112,0.0490899805218296,0.00267976683860735,0.998308759838136,1.24753473105435,0.077462204917844,1.92014729665913,0.00651283749783321,0.0509250065176191,0.0424986934944793,0.580647072947383,0.283310558706681,0.0549775964166116,0.245685038341032,0.414248853447297,0.617831883256194,0.00578840884772328,0.455140752407501,0.0483392607174379,0.228130400657561,0.276548781573503,0.00366431080669402,0.184188951949518,1.31621501954114,0.156247079882434,0.000895155434951834,1.39787032839916,0.421050935320663,0.00119142503825718,0.0773230560298246,0.119294160738255,0.0906708292439241,0.39997582261171
"CINAR_BC_115",0.00945245577125755,0.0894924275046603,0.0805469119566909,2.36618027712919,0.000704662314222823,0.798429121192949,0.978005877906379,1.87908646591085,0.106263914350588,1.16404051710245,0.299038892885548,1.17788439206401,0.698994201269352,0.551998389948574,0.0510820215935296,1.1652526983734,0.886942006160432,0.0541591950995775,3.33316901373553,0.00651283749783321,1.5753469268743,1.93915891882288,0.513978367872997,1.39042921400189,0.119481392886638,1.10135071808637,1.47702473475558,1.14755015370548,0.17999713303671,1.62914955429154,0.0285776018388643,0.916884000944296,1.089711908103,0.0597744663819429,0.211563084377939,3.44785190453438,0.228614750560938,0.0210678467024322,1.0097874861087,1.64608427151711,0.00119142503825718,0.169998824502942,0.119294160738255,0.124378421974759,1.54056055954491
"CINAR_BC_107",0.000725573909632558,0.00642382214138497,0.077108652470607,1.83323001559738,0.000704662314222823,0.310213988648092,0.751003164427017,1.9552011814795,0.0813747807837245,0.404396753027286,0.334814248501898,1.08010024633131,1.16132144355158,0.0490899805218296,0.0663903296696586,1.19174356114804,1.03243723760692,0.0573746393617185,3.04426888134807,0.1105509498965,1.34604037197607,0.0424986934944793,0.525260068671142,0.978501622872842,0.182969484420674,0.792171596063218,1.18049762200819,0.953188316823436,0.00578840884772328,1.67145795579945,0.0363548640762928,0.652714336238126,0.806037493815637,0.00366431080669402,0.12102577108238,3.16603661776376,0.108264714167327,0.000895155434951834,1.26261510434077,1.51829475891375,0.00119142503825718,0.209508946217363,0.119294160738255,0.126619384382142,1.15602923662617
"CINAR_BC_65",0.000725573909632558,0.00642382214138497,0.0789245647263747,1.20978124468439,0.000704662314222823,0.390976972383952,0.555547089920294,1.19655538058768,0.0597018455467558,0.336380790774547,0.284878674461902,1.03217197015929,1.07709706192252,0.0490899805218296,0.043359245351196,0.919968403773863,0.908461920930717,0.0658846939685832,2.27086863240098,0.00651283749783321,0.520812366897731,0.717257546508511,0.476867540695233,0.463105833505585,0.101196249568638,0.411493088686607,0.642766153226109,0.578625240201676,0.00578840884772328,0.913647696112185,0.0397397916383608,0.317787912986036,0.445407357861584,0.00366431080669402,0.196323627394269,1.94188387817539,0.222334692594302,0.000895155434951834,1.16726591477628,0.737550171738539,0.00119142503825718,0.0723399639892359,0.119294160738255,0.0983093651296147,0.627481335010456
"CINAR_BC_48",0.0329684751040327,0.216619602665517,0.289049666400334,1.61381312543472,0.000704662314222823,0.812710646693209,0.721893769615461,1.51003103212089,0.145170629084109,0.24187993673808,0.717494829393547,1.67941238848019,2.56891715752574,0.0490899805218296,0.163843495200124,1.98407261443019,2.57731192844311,0.230058141307901,2.50072172049022,0.234632336828927,0.0509250065176191,0.390156745693701,1.17746882642717,0.56383335284005,0.0985467925749858,0.415574738217843,0.81298136942952,1.54435748072991,0.176001197103967,0.60216460387125,0.1178584502083,0.437071297111277,0.741078794310273,0.110220697513892,0.402656305727643,1.59206459763717,0.872991921185303,0.0689403228799652,2.0488756876479,0.676855173206642,0.00119142503825718,0.0822239738613623,0.119294160738255,0.303509240587587,0.646490733874791
"CINAR_BC_54",0.0243428444076787,0.0883598209005913,0.167788999190496,1.29159290338189,0.000704662314222823,0.847864963655678,0.907804732986702,1.38721943559711,0.104879653790749,0.195118451172759,0.550678150431007,2.13110205618748,2.56895815273918,0.0490899805218296,0.0509256736008099,1.83180324200636,2.17144987703464,0.18270016685596,3.02706123696599,0.398161823616791,0.0509250065176191,0.578551155327454,0.821823795352163,0.377078365311987,0.112165435272801,0.305893172951885,0.703201740547783,1.37024678247825,0.00578840884772328,0.477745069960941,0.113635224404308,0.348045711313626,0.477694641873993,0.0451840634545897,0.578220423257332,1.37105008170434,0.527975628391044,0.0367413121966252,2.88651070960923,0.54238765517228,0.0219815544379897,0.138700384034715,0.119294160738255,0.308399899554192,0.416937176192368
"CINAR_BC_120",0.028548104254113,0.255661463686522,0.17809861607106,1.02381483486341,0.0114661921010328,0.508119248744704,0.555965953008089,1.11386215795346,0.0515696410053883,0.178021124357102,0.465985522425418,1.74850278459908,2.09694394989744,0.537880693175228,0.053778462368025,2.20850383943302,2.5849486854073,0.174300142259762,2.0709660213275,0.00651283749783321,0.0509250065176191,0.0424986934944793,0.683702064302286,0.31496706926039,0.00516315934649455,0.228168589846951,0.51752557406911,1.39433371806524,0.0641115870295034,0.331755512201366,0.0762876034973003,0.252000079515294,0.38871548288701,0.00366431080669402,0.304539182850097,1.18621513695035,0.386753510066984,0.0233654330077036,1.49396090470521,0.439289634081936,0.00119142503825718,0.00538193938897045,0.119294160738255,0.184123887006492,0.380506958243746
"CINAR_BC_44",0.000725573909632558,0.00642382214138497,0.0705159346266989,1.10669579628939,0.000704662314222823,0.320603831909054,0.376049635467615,1.19968014157112,0.071120317004888,0.29211399789214,0.268296835718387,0.899710259169344,1.52560397709206,0.0490899805218296,0.351176945950907,1.05701022138968,1.42983150535003,0.0510535974651421,1.83716872406124,0.00651283749783321,0.0509250065176191,1.00732098026995,0.508664052759199,0.354869683920384,0.00516315934649455,0.323583932964982,0.597094083809694,0.810519529490392,0.00578840884772328,0.811267302673898,0.028012519558605,0.214333471124673,0.410055752784858,0.0499177225913346,0.16358318286018,1.78244177127505,0.163371286445031,0.000895155434951834,1.00670370046436,0.678074647132294,0.00119142503825718,0.0793999842749188,0.119294160738255,0.0622194594767261,0.51528570954449
"CINAR_BC_112",0.0124016215563486,0.171056602499429,0.104734426455384,1.11598020325998,0.000704662314222823,0.351449852390519,0.563451537413063,1.02497428652904,0.0870507758614138,0.440421369278342,0.271072006318226,1.00378602935758,1.14111629720041,0.0490899805218296,0.0925702262215708,1.37834940804679,1.27568146244623,0.0632549610636408,1.81311547063933,0.00651283749783321,0.528844613934293,1.95611902903301,0.49572965387831,0.393345579727005,0.0741473309066647,0.32086304023153,0.554731473756863,0.824345230859347,0.00578840884772328,0.631818921025225,0.0288638943862459,0.250935459304285,0.36107872111151,0.036307758203196,0.111063258379401,1.79084656364484,0.162741337590893,0.000895155434951834,0.942226031325905,0.666218652168504,0.00119142503825718,0.0838569849795288,0.119294160738255,0.0605572354072976,0.525110939982501
